id;name;intro;outro
1;Nebraska HTTP;Web connecting;Future-proofed ROI
2;Applications Jamaican Dollar Electronics;Towels local area network;calculating
3;parsing;Directives Granite;Mission extend
4;wireless Shoes Chicken;monitor cultivate Fresh;Iraqi Dinar
5;bandwidth-monitored;Inlet Concrete bottom-line;Home Loan Account
6;Sleek;models Investment Account Ways;Internal primary facilitate
7;Mandatory capacitor;THX;District card Human
8;generate withdrawal tan;Bedfordshire;models Music feed
9;Beauty reintermediate;Seychelles;architect Factors
10;Cambridgeshire parse Mobility;Small;Bedfordshire Orchestrator frictionless
